{"timestamp": 1740206910.782876, "event": "mouse_move", "position": [525, 956]}
{"timestamp": 1740206910.7908635, "event": "mouse_move", "position": [524, 953]}
{"timestamp": 1740206910.797894, "event": "mouse_move", "position": [523, 952]}
{"timestamp": 1740206910.805702, "event": "mouse_move", "position": [522, 950]}
{"timestamp": 1740206910.8131342, "event": "mouse_move", "position": [521, 948]}
{"timestamp": 1740206910.8211515, "event": "mouse_move", "position": [521, 947]}
{"timestamp": 1740206910.8281338, "event": "mouse_move", "position": [521, 946]}
{"timestamp": 1740206910.8351512, "event": "mouse_move", "position": [521, 945]}
{"timestamp": 1740206910.8431332, "event": "mouse_move", "position": [521, 944]}
{"timestamp": 1740206910.8511322, "event": "mouse_move", "position": [520, 944]}
{"timestamp": 1740206910.8581321, "event": "mouse_move", "position": [520, 943]}
{"timestamp": 1740206910.8659177, "event": "mouse_move", "position": [520, 943]}
{"timestamp": 1740206910.8791769, "event": "mouse_move", "position": [520, 942]}
{"timestamp": 1740206910.8931892, "event": "mouse_move", "position": [520, 942]}
{"timestamp": 1740206910.9132388, "event": "mouse_move", "position": [520, 941]}
{"timestamp": 1740206910.920244, "event": "mouse_move", "position": [519, 941]}
{"timestamp": 1740206910.9416707, "event": "mouse_move", "position": [519, 940]}
{"timestamp": 1740206910.9616592, "event": "mouse_move", "position": [519, 940]}
{"timestamp": 1740206910.968661, "event": "mouse_move", "position": [519, 939]}
{"timestamp": 1740206911.9924607, "event": "mouse_move", "position": [520, 937]}
{"timestamp": 1740206911.9995008, "event": "mouse_move", "position": [526, 929]}
{"timestamp": 1740206912.0062404, "event": "mouse_move", "position": [532, 922]}
{"timestamp": 1740206912.0128412, "event": "mouse_move", "position": [538, 915]}
{"timestamp": 1740206912.02086, "event": "mouse_move", "position": [548, 905]}
{"timestamp": 1740206912.0280466, "event": "mouse_move", "position": [555, 898]}
{"timestamp": 1740206912.03483, "event": "mouse_move", "position": [564, 889]}
{"timestamp": 1740206912.0408318, "event": "mouse_move", "position": [569, 884]}
{"timestamp": 1740206912.0478477, "event": "mouse_move", "position": [574, 879]}
{"timestamp": 1740206912.0548294, "event": "mouse_move", "position": [578, 874]}
{"timestamp": 1740206912.0618455, "event": "mouse_move", "position": [584, 868]}
{"timestamp": 1740206912.0679414, "event": "mouse_move", "position": [587, 864]}
{"timestamp": 1740206912.075962, "event": "mouse_move", "position": [591, 860]}
{"timestamp": 1740206912.0829403, "event": "mouse_move", "position": [593, 858]}
{"timestamp": 1740206912.0895584, "event": "mouse_move", "position": [595, 855]}
{"timestamp": 1740206912.0963273, "event": "mouse_move", "position": [597, 853]}
{"timestamp": 1740206912.1033292, "event": "mouse_move", "position": [600, 850]}
{"timestamp": 1740206912.1093266, "event": "mouse_move", "position": [602, 848]}
{"timestamp": 1740206912.4644148, "event": "key_press", "key": "Key.enter"}
